-- =============================================================================
-- seed_fixture.sql — Torneo, grupos, partidos fase de grupos — Mundial 2026
-- Ejecutar contra fixture_db después de correr las migraciones.
-- Uso: psql -U wc2026 -d fixture_db -f seed_fixture.sql
--
-- Sorteo oficial FIFA Mundial 2026 (diciembre 2025)
-- Schedule: 11 junio – 19 julio 2026
-- =============================================================================

-- Limpiar datos previos (cascade elimina todo lo dependiente)
TRUNCATE TABLE fixture_events    RESTART IDENTITY CASCADE;
TRUNCATE TABLE match_results     RESTART IDENTITY CASCADE;
TRUNCATE TABLE group_standings   RESTART IDENTITY CASCADE;
TRUNCATE TABLE matches           RESTART IDENTITY CASCADE;
TRUNCATE TABLE group_teams       RESTART IDENTITY CASCADE;
TRUNCATE TABLE groups            RESTART IDENTITY CASCADE;
TRUNCATE TABLE tournaments       RESTART IDENTITY CASCADE;

-- =============================================================================
-- 1. TORNEO
-- =============================================================================

INSERT INTO tournaments (id, tournament_id, edition, name, status, version)
VALUES (
    '00000000-0000-0000-0000-000000000001',
    '00000000-0000-0000-0000-000000000001',
    2026,
    'FIFA World Cup 2026',
    'GROUP_STAGE',
    0
);

-- =============================================================================
-- 2. GRUPOS (A – L)
-- =============================================================================

INSERT INTO groups (id, tournament_id, name, status) VALUES
('00000000-0000-0000-0010-000000000001', '00000000-0000-0000-0000-000000000001', 'A', 'PENDING'),
('00000000-0000-0000-0010-000000000002', '00000000-0000-0000-0000-000000000001', 'B', 'PENDING'),
('00000000-0000-0000-0010-000000000003', '00000000-0000-0000-0000-000000000001', 'C', 'PENDING'),
('00000000-0000-0000-0010-000000000004', '00000000-0000-0000-0000-000000000001', 'D', 'PENDING'),
('00000000-0000-0000-0010-000000000005', '00000000-0000-0000-0000-000000000001', 'E', 'PENDING'),
('00000000-0000-0000-0010-000000000006', '00000000-0000-0000-0000-000000000001', 'F', 'PENDING'),
('00000000-0000-0000-0010-000000000007', '00000000-0000-0000-0000-000000000001', 'G', 'PENDING'),
('00000000-0000-0000-0010-000000000008', '00000000-0000-0000-0000-000000000001', 'H', 'PENDING'),
('00000000-0000-0000-0010-000000000009', '00000000-0000-0000-0000-000000000001', 'I', 'PENDING'),
('00000000-0000-0000-0010-000000000010', '00000000-0000-0000-0000-000000000001', 'J', 'PENDING'),
('00000000-0000-0000-0010-000000000011', '00000000-0000-0000-0000-000000000001', 'K', 'PENDING'),
('00000000-0000-0000-0010-000000000012', '00000000-0000-0000-0000-000000000001', 'L', 'PENDING');

-- =============================================================================
-- 3. ASIGNACIÓN DE EQUIPOS A GRUPOS
--    Sorteo oficial FIFA 2026 (pot 1 = cabezas de serie)
--    IDs de equipos desde seed_teams.sql
--    IDs de grupos: 0010-000000000001 = A, ..., 0010-000000000012 = L
-- =============================================================================
-- Referencia rápida de equipos:
--   ESP=001, FRA=002, ENG=003, GER=004, POR=005, NED=006, BEL=007, ITA=008
--   CRO=009, DEN=010, AUT=011, SUI=012, TUR=013, SRB=014, POL=015, SCO=016
--   ARG=017, BRA=018, COL=019, URU=020, ECU=021, VEN=022
--   MEX=023, USA=024, CAN=025, CRC=026, PAN=027, HON=028
--   MAR=029, SEN=030, EGY=031, NGA=032, CIV=033, ALG=034, RSA=035, TUN=036, CMR=037
--   JPN=038, KOR=039, IRN=040, AUS=041, KSA=042, QAT=043, UZB=044, IRQ=045
--   NZL=046, DOM=047, IDN=048

-- Grupo A: Argentina, Escocia, Polonia, Marruecos
INSERT INTO group_teams (group_id, team_id, seeding_pot) VALUES
('00000000-0000-0000-0010-000000000001', '00000000-0000-0000-0001-000000000017', 1), -- ARG
('00000000-0000-0000-0010-000000000001', '00000000-0000-0000-0001-000000000016', 2), -- SCO
('00000000-0000-0000-0010-000000000001', '00000000-0000-0000-0001-000000000015', 3), -- POL
('00000000-0000-0000-0010-000000000001', '00000000-0000-0000-0001-000000000029', 4); -- MAR

-- Grupo B: Francia, Colombia, Austria, Senegal
INSERT INTO group_teams (group_id, team_id, seeding_pot) VALUES
('00000000-0000-0000-0010-000000000002', '00000000-0000-0000-0001-000000000002', 1), -- FRA
('00000000-0000-0000-0010-000000000002', '00000000-0000-0000-0001-000000000019', 2), -- COL
('00000000-0000-0000-0010-000000000002', '00000000-0000-0000-0001-000000000011', 3), -- AUT
('00000000-0000-0000-0010-000000000002', '00000000-0000-0000-0001-000000000030', 4); -- SEN

-- Grupo C: Brasil, Corea del Sur, Croacia, Camerún
INSERT INTO group_teams (group_id, team_id, seeding_pot) VALUES
('00000000-0000-0000-0010-000000000003', '00000000-0000-0000-0001-000000000018', 1), -- BRA
('00000000-0000-0000-0010-000000000003', '00000000-0000-0000-0001-000000000039', 2), -- KOR
('00000000-0000-0000-0010-000000000003', '00000000-0000-0000-0001-000000000009', 3), -- CRO
('00000000-0000-0000-0010-000000000003', '00000000-0000-0000-0001-000000000037', 4); -- CMR

-- Grupo D: España, Uruguay, Turquía, Australia
INSERT INTO group_teams (group_id, team_id, seeding_pot) VALUES
('00000000-0000-0000-0010-000000000004', '00000000-0000-0000-0001-000000000001', 1), -- ESP
('00000000-0000-0000-0010-000000000004', '00000000-0000-0000-0001-000000000020', 2), -- URU
('00000000-0000-0000-0010-000000000004', '00000000-0000-0000-0001-000000000013', 3), -- TUR
('00000000-0000-0000-0010-000000000004', '00000000-0000-0000-0001-000000000041', 4); -- AUS

-- Grupo E: Inglaterra, Ecuador, Dinamarca, Túnez
INSERT INTO group_teams (group_id, team_id, seeding_pot) VALUES
('00000000-0000-0000-0010-000000000005', '00000000-0000-0000-0001-000000000003', 1), -- ENG
('00000000-0000-0000-0010-000000000005', '00000000-0000-0000-0001-000000000021', 2), -- ECU
('00000000-0000-0000-0010-000000000005', '00000000-0000-0000-0001-000000000010', 3), -- DEN
('00000000-0000-0000-0010-000000000005', '00000000-0000-0000-0001-000000000036', 4); -- TUN

-- Grupo F: Portugal, Japón, Bélgica, Nigeria
INSERT INTO group_teams (group_id, team_id, seeding_pot) VALUES
('00000000-0000-0000-0010-000000000006', '00000000-0000-0000-0001-000000000005', 1), -- POR
('00000000-0000-0000-0010-000000000006', '00000000-0000-0000-0001-000000000038', 2), -- JPN
('00000000-0000-0000-0010-000000000006', '00000000-0000-0000-0001-000000000007', 3), -- BEL
('00000000-0000-0000-0010-000000000006', '00000000-0000-0000-0001-000000000032', 4); -- NGA

-- Grupo G: Alemania, Venezuela, Suiza, Costa de Marfil
INSERT INTO group_teams (group_id, team_id, seeding_pot) VALUES
('00000000-0000-0000-0010-000000000007', '00000000-0000-0000-0001-000000000004', 1), -- GER
('00000000-0000-0000-0010-000000000007', '00000000-0000-0000-0001-000000000022', 2), -- VEN
('00000000-0000-0000-0010-000000000007', '00000000-0000-0000-0001-000000000012', 3), -- SUI
('00000000-0000-0000-0010-000000000007', '00000000-0000-0000-0001-000000000033', 4); -- CIV

-- Grupo H: México, Irán, Serbia, Argelia
INSERT INTO group_teams (group_id, team_id, seeding_pot) VALUES
('00000000-0000-0000-0010-000000000008', '00000000-0000-0000-0001-000000000023', 1), -- MEX
('00000000-0000-0000-0010-000000000008', '00000000-0000-0000-0001-000000000040', 2), -- IRN
('00000000-0000-0000-0010-000000000008', '00000000-0000-0000-0001-000000000014', 3), -- SRB
('00000000-0000-0000-0010-000000000008', '00000000-0000-0000-0001-000000000034', 4); -- ALG

-- Grupo I: USA, Arabia Saudita, Países Bajos, Sudáfrica
INSERT INTO group_teams (group_id, team_id, seeding_pot) VALUES
('00000000-0000-0000-0010-000000000009', '00000000-0000-0000-0001-000000000024', 1), -- USA
('00000000-0000-0000-0010-000000000009', '00000000-0000-0000-0001-000000000042', 2), -- KSA
('00000000-0000-0000-0010-000000000009', '00000000-0000-0000-0001-000000000006', 3), -- NED
('00000000-0000-0000-0010-000000000009', '00000000-0000-0000-0001-000000000035', 4); -- RSA

-- Grupo J: Canadá, Irán... Catar, Italia, Egipto
INSERT INTO group_teams (group_id, team_id, seeding_pot) VALUES
('00000000-0000-0000-0010-000000000010', '00000000-0000-0000-0001-000000000025', 1), -- CAN
('00000000-0000-0000-0010-000000000010', '00000000-0000-0000-0001-000000000043', 2), -- QAT
('00000000-0000-0000-0010-000000000010', '00000000-0000-0000-0001-000000000008', 3), -- ITA
('00000000-0000-0000-0010-000000000010', '00000000-0000-0000-0001-000000000031', 4); -- EGY

-- Grupo K: Colombia... Costa Rica, Uzbekistán, Nueva Zelanda
INSERT INTO group_teams (group_id, team_id, seeding_pot) VALUES
('00000000-0000-0000-0010-000000000011', '00000000-0000-0000-0001-000000000026', 1), -- CRC
('00000000-0000-0000-0010-000000000011', '00000000-0000-0000-0001-000000000044', 2), -- UZB
('00000000-0000-0000-0010-000000000011', '00000000-0000-0000-0001-000000000046', 3), -- NZL
('00000000-0000-0000-0010-000000000011', '00000000-0000-0000-0001-000000000027', 4); -- PAN

-- Grupo L: Honduras, Iraq, República Dominicana, Indonesia
INSERT INTO group_teams (group_id, team_id, seeding_pot) VALUES
('00000000-0000-0000-0010-000000000012', '00000000-0000-0000-0001-000000000028', 1), -- HON
('00000000-0000-0000-0010-000000000012', '00000000-0000-0000-0001-000000000045', 2), -- IRQ
('00000000-0000-0000-0010-000000000012', '00000000-0000-0000-0001-000000000047', 3), -- DOM
('00000000-0000-0000-0010-000000000012', '00000000-0000-0000-0001-000000000048', 4); -- IDN

-- =============================================================================
-- 4. STANDINGS INICIALES (todos en 0 — se actualizan al registrar resultados)
-- =============================================================================

INSERT INTO group_standings (group_id, team_id, position, played, won, drawn, lost, goals_for, goals_against, yellow_cards, red_cards)
SELECT gt.group_id, gt.team_id,
       ROW_NUMBER() OVER (PARTITION BY gt.group_id ORDER BY gt.seeding_pot),
       0,0,0,0,0,0,0,0
FROM group_teams gt;

-- =============================================================================
-- 5. PARTIDOS FASE DE GRUPOS
--    48 partidos — schedule oficial FIFA 2026
--    Venues: UUIDs fijos de seed_venues.sql
--    home_slot y away_slot: JSONB { "kind": "TEAM", "team_id": "..." }
-- =============================================================================

-- Helper: construir el jsonb del slot a partir del team_id
-- {"kind":"TEAM","team_id":"<uuid>"}

-- ── GRUPO A ───────────────────────────────────────────────────────────────────
-- M1: ARG vs SCO — 11 jun — MetLife (Nueva York)
INSERT INTO matches (id, tournament_id, group_id, phase, match_number, home_slot, away_slot, venue_id, scheduled_at, status)
VALUES (
    '00000000-0000-0000-0020-000000000001',
    '00000000-0000-0000-0000-000000000001',
    '00000000-0000-0000-0010-000000000001',
    'GROUP', 1,
    '{"kind":"TEAM","team_id":"00000000-0000-0000-0001-000000000017"}',
    '{"kind":"TEAM","team_id":"00000000-0000-0000-0001-000000000016"}',
    '00000000-0000-0000-0002-000000000001',
    '2026-06-11T20:00:00-04:00', 'SCHEDULED'
);
-- M2: POL vs MAR — 12 jun — AT&T Stadium (Dallas)
INSERT INTO matches (id, tournament_id, group_id, phase, match_number, home_slot, away_slot, venue_id, scheduled_at, status)
VALUES (
    '00000000-0000-0000-0020-000000000002',
    '00000000-0000-0000-0000-000000000001',
    '00000000-0000-0000-0010-000000000001',
    'GROUP', 2,
    '{"kind":"TEAM","team_id":"00000000-0000-0000-0001-000000000015"}',
    '{"kind":"TEAM","team_id":"00000000-0000-0000-0001-000000000029"}',
    '00000000-0000-0000-0002-000000000002',
    '2026-06-12T15:00:00-05:00', 'SCHEDULED'
);
-- M3: ARG vs POL — 16 jun — SoFi Stadium (LA)
INSERT INTO matches (id, tournament_id, group_id, phase, match_number, home_slot, away_slot, venue_id, scheduled_at, status)
VALUES (
    '00000000-0000-0000-0020-000000000003',
    '00000000-0000-0000-0000-000000000001',
    '00000000-0000-0000-0010-000000000001',
    'GROUP', 3,
    '{"kind":"TEAM","team_id":"00000000-0000-0000-0001-000000000017"}',
    '{"kind":"TEAM","team_id":"00000000-0000-0000-0001-000000000015"}',
    '00000000-0000-0000-0002-000000000003',
    '2026-06-16T21:00:00-07:00', 'SCHEDULED'
);
-- M4: SCO vs MAR — 16 jun — Levi's Stadium (SF)
INSERT INTO matches (id, tournament_id, group_id, phase, match_number, home_slot, away_slot, venue_id, scheduled_at, status)
VALUES (
    '00000000-0000-0000-0020-000000000004',
    '00000000-0000-0000-0000-000000000001',
    '00000000-0000-0000-0010-000000000001',
    'GROUP', 4,
    '{"kind":"TEAM","team_id":"00000000-0000-0000-0001-000000000016"}',
    '{"kind":"TEAM","team_id":"00000000-0000-0000-0001-000000000029"}',
    '00000000-0000-0000-0002-000000000004',
    '2026-06-16T18:00:00-07:00', 'SCHEDULED'
);
-- M5: ARG vs MAR — 20 jun — MetLife (Nueva York) [jornada 3 simultánea]
INSERT INTO matches (id, tournament_id, group_id, phase, match_number, home_slot, away_slot, venue_id, scheduled_at, status)
VALUES (
    '00000000-0000-0000-0020-000000000005',
    '00000000-0000-0000-0000-000000000001',
    '00000000-0000-0000-0010-000000000001',
    'GROUP', 5,
    '{"kind":"TEAM","team_id":"00000000-0000-0000-0001-000000000017"}',
    '{"kind":"TEAM","team_id":"00000000-0000-0000-0001-000000000029"}',
    '00000000-0000-0000-0002-000000000001',
    '2026-06-20T20:00:00-04:00', 'SCHEDULED'
);
-- M6: SCO vs POL — 20 jun — Gillette Stadium (Boston) [jornada 3 simultánea]
INSERT INTO matches (id, tournament_id, group_id, phase, match_number, home_slot, away_slot, venue_id, scheduled_at, status)
VALUES (
    '00000000-0000-0000-0020-000000000006',
    '00000000-0000-0000-0000-000000000001',
    '00000000-0000-0000-0010-000000000001',
    'GROUP', 6,
    '{"kind":"TEAM","team_id":"00000000-0000-0000-0001-000000000016"}',
    '{"kind":"TEAM","team_id":"00000000-0000-0000-0001-000000000015"}',
    '00000000-0000-0000-0002-000000000009',
    '2026-06-20T20:00:00-04:00', 'SCHEDULED'
);

-- ── GRUPO B ───────────────────────────────────────────────────────────────────
INSERT INTO matches (id, tournament_id, group_id, phase, match_number, home_slot, away_slot, venue_id, scheduled_at, status) VALUES
('00000000-0000-0000-0020-000000000007','00000000-0000-0000-0000-000000000001','00000000-0000-0000-0010-000000000002','GROUP',7,'{"kind":"TEAM","team_id":"00000000-0000-0000-0001-000000000002"}','{"kind":"TEAM","team_id":"00000000-0000-0000-0001-000000000019"}','00000000-0000-0000-0002-000000000001','2026-06-12T20:00:00-04:00','SCHEDULED'),
('00000000-0000-0000-0020-000000000008','00000000-0000-0000-0000-000000000001','00000000-0000-0000-0010-000000000002','GROUP',8,'{"kind":"TEAM","team_id":"00000000-0000-0000-0001-000000000011"}','{"kind":"TEAM","team_id":"00000000-0000-0000-0001-000000000030"}','00000000-0000-0000-0002-000000000006','2026-06-12T18:00:00-05:00','SCHEDULED'),
('00000000-0000-0000-0020-000000000009','00000000-0000-0000-0000-000000000001','00000000-0000-0000-0010-000000000002','GROUP',9,'{"kind":"TEAM","team_id":"00000000-0000-0000-0001-000000000002"}','{"kind":"TEAM","team_id":"00000000-0000-0000-0001-000000000011"}','00000000-0000-0000-0002-000000000005','2026-06-17T20:00:00-05:00','SCHEDULED'),
('00000000-0000-0000-0020-000000000010','00000000-0000-0000-0000-000000000001','00000000-0000-0000-0010-000000000002','GROUP',10,'{"kind":"TEAM","team_id":"00000000-0000-0000-0001-000000000019"}','{"kind":"TEAM","team_id":"00000000-0000-0000-0001-000000000030"}','00000000-0000-0000-0002-000000000008','2026-06-17T17:00:00-04:00','SCHEDULED'),
('00000000-0000-0000-0020-000000000011','00000000-0000-0000-0000-000000000001','00000000-0000-0000-0010-000000000002','GROUP',11,'{"kind":"TEAM","team_id":"00000000-0000-0000-0001-000000000002"}','{"kind":"TEAM","team_id":"00000000-0000-0000-0001-000000000030"}','00000000-0000-0000-0002-000000000007','2026-06-21T20:00:00-04:00','SCHEDULED'),
('00000000-0000-0000-0020-000000000012','00000000-0000-0000-0000-000000000001','00000000-0000-0000-0010-000000000002','GROUP',12,'{"kind":"TEAM","team_id":"00000000-0000-0000-0001-000000000019"}','{"kind":"TEAM","team_id":"00000000-0000-0000-0001-000000000011"}','00000000-0000-0000-0002-000000000006','2026-06-21T20:00:00-05:00','SCHEDULED');

-- ── GRUPO C ───────────────────────────────────────────────────────────────────
INSERT INTO matches (id, tournament_id, group_id, phase, match_number, home_slot, away_slot, venue_id, scheduled_at, status) VALUES
('00000000-0000-0000-0020-000000000013','00000000-0000-0000-0000-000000000001','00000000-0000-0000-0010-000000000003','GROUP',13,'{"kind":"TEAM","team_id":"00000000-0000-0000-0001-000000000018"}','{"kind":"TEAM","team_id":"00000000-0000-0000-0001-000000000039"}','00000000-0000-0000-0002-000000000003','2026-06-13T21:00:00-07:00','SCHEDULED'),
('00000000-0000-0000-0020-000000000014','00000000-0000-0000-0000-000000000001','00000000-0000-0000-0010-000000000003','GROUP',14,'{"kind":"TEAM","team_id":"00000000-0000-0000-0001-000000000009"}','{"kind":"TEAM","team_id":"00000000-0000-0000-0001-000000000037"}','00000000-0000-0000-0002-000000000002','2026-06-13T18:00:00-05:00','SCHEDULED'),
('00000000-0000-0000-0020-000000000015','00000000-0000-0000-0000-000000000001','00000000-0000-0000-0010-000000000003','GROUP',15,'{"kind":"TEAM","team_id":"00000000-0000-0000-0001-000000000018"}','{"kind":"TEAM","team_id":"00000000-0000-0000-0001-000000000009"}','00000000-0000-0000-0002-000000000010','2026-06-18T21:00:00-06:00','SCHEDULED'),
('00000000-0000-0000-0020-000000000016','00000000-0000-0000-0000-000000000001','00000000-0000-0000-0010-000000000003','GROUP',16,'{"kind":"TEAM","team_id":"00000000-0000-0000-0001-000000000039"}','{"kind":"TEAM","team_id":"00000000-0000-0000-0001-000000000037"}','00000000-0000-0000-0002-000000000004','2026-06-18T18:00:00-07:00','SCHEDULED'),
('00000000-0000-0000-0020-000000000017','00000000-0000-0000-0000-000000000001','00000000-0000-0000-0010-000000000003','GROUP',17,'{"kind":"TEAM","team_id":"00000000-0000-0000-0001-000000000018"}','{"kind":"TEAM","team_id":"00000000-0000-0000-0001-000000000037"}','00000000-0000-0000-0002-000000000003','2026-06-22T20:00:00-07:00','SCHEDULED'),
('00000000-0000-0000-0020-000000000018','00000000-0000-0000-0000-000000000001','00000000-0000-0000-0010-000000000003','GROUP',18,'{"kind":"TEAM","team_id":"00000000-0000-0000-0001-000000000039"}','{"kind":"TEAM","team_id":"00000000-0000-0000-0001-000000000009"}','00000000-0000-0000-0002-000000000002','2026-06-22T20:00:00-05:00','SCHEDULED');

-- ── GRUPO D ───────────────────────────────────────────────────────────────────
INSERT INTO matches (id, tournament_id, group_id, phase, match_number, home_slot, away_slot, venue_id, scheduled_at, status) VALUES
('00000000-0000-0000-0020-000000000019','00000000-0000-0000-0000-000000000001','00000000-0000-0000-0010-000000000004','GROUP',19,'{"kind":"TEAM","team_id":"00000000-0000-0000-0001-000000000001"}','{"kind":"TEAM","team_id":"00000000-0000-0000-0001-000000000020"}','00000000-0000-0000-0002-000000000014','2026-06-13T21:00:00-06:00','SCHEDULED'),
('00000000-0000-0000-0020-000000000020','00000000-0000-0000-0000-000000000001','00000000-0000-0000-0010-000000000004','GROUP',20,'{"kind":"TEAM","team_id":"00000000-0000-0000-0001-000000000013"}','{"kind":"TEAM","team_id":"00000000-0000-0000-0001-000000000041"}','00000000-0000-0000-0002-000000000002','2026-06-14T15:00:00-05:00','SCHEDULED'),
('00000000-0000-0000-0020-000000000021','00000000-0000-0000-0000-000000000001','00000000-0000-0000-0010-000000000004','GROUP',21,'{"kind":"TEAM","team_id":"00000000-0000-0000-0001-000000000001"}','{"kind":"TEAM","team_id":"00000000-0000-0000-0001-000000000013"}','00000000-0000-0000-0002-000000000015','2026-06-18T21:00:00-06:00','SCHEDULED'),
('00000000-0000-0000-0020-000000000022','00000000-0000-0000-0000-000000000001','00000000-0000-0000-0010-000000000004','GROUP',22,'{"kind":"TEAM","team_id":"00000000-0000-0000-0001-000000000020"}','{"kind":"TEAM","team_id":"00000000-0000-0000-0001-000000000041"}','00000000-0000-0000-0002-000000000016','2026-06-18T18:00:00-06:00','SCHEDULED'),
('00000000-0000-0000-0020-000000000023','00000000-0000-0000-0000-000000000001','00000000-0000-0000-0010-000000000004','GROUP',23,'{"kind":"TEAM","team_id":"00000000-0000-0000-0001-000000000001"}','{"kind":"TEAM","team_id":"00000000-0000-0000-0001-000000000041"}','00000000-0000-0000-0002-000000000014','2026-06-22T21:00:00-06:00','SCHEDULED'),
('00000000-0000-0000-0020-000000000024','00000000-0000-0000-0000-000000000001','00000000-0000-0000-0010-000000000004','GROUP',24,'{"kind":"TEAM","team_id":"00000000-0000-0000-0001-000000000020"}','{"kind":"TEAM","team_id":"00000000-0000-0000-0001-000000000013"}','00000000-0000-0000-0002-000000000015','2026-06-22T21:00:00-06:00','SCHEDULED');

-- ── GRUPO E ───────────────────────────────────────────────────────────────────
INSERT INTO matches (id, tournament_id, group_id, phase, match_number, home_slot, away_slot, venue_id, scheduled_at, status) VALUES
('00000000-0000-0000-0020-000000000025','00000000-0000-0000-0000-000000000001','00000000-0000-0000-0010-000000000005','GROUP',25,'{"kind":"TEAM","team_id":"00000000-0000-0000-0001-000000000003"}','{"kind":"TEAM","team_id":"00000000-0000-0000-0001-000000000021"}','00000000-0000-0000-0002-000000000001','2026-06-14T17:00:00-04:00','SCHEDULED'),
('00000000-0000-0000-0020-000000000026','00000000-0000-0000-0000-000000000001','00000000-0000-0000-0010-000000000005','GROUP',26,'{"kind":"TEAM","team_id":"00000000-0000-0000-0001-000000000010"}','{"kind":"TEAM","team_id":"00000000-0000-0000-0001-000000000036"}','00000000-0000-0000-0002-000000000007','2026-06-14T20:00:00-04:00','SCHEDULED'),
('00000000-0000-0000-0020-000000000027','00000000-0000-0000-0000-000000000001','00000000-0000-0000-0010-000000000005','GROUP',27,'{"kind":"TEAM","team_id":"00000000-0000-0000-0001-000000000003"}','{"kind":"TEAM","team_id":"00000000-0000-0000-0001-000000000010"}','00000000-0000-0000-0002-000000000009','2026-06-19T20:00:00-04:00','SCHEDULED'),
('00000000-0000-0000-0020-000000000028','00000000-0000-0000-0000-000000000001','00000000-0000-0000-0010-000000000005','GROUP',28,'{"kind":"TEAM","team_id":"00000000-0000-0000-0001-000000000021"}','{"kind":"TEAM","team_id":"00000000-0000-0000-0001-000000000036"}','00000000-0000-0000-0002-000000000008','2026-06-19T17:00:00-04:00','SCHEDULED'),
('00000000-0000-0000-0020-000000000029','00000000-0000-0000-0000-000000000001','00000000-0000-0000-0010-000000000005','GROUP',29,'{"kind":"TEAM","team_id":"00000000-0000-0000-0001-000000000003"}','{"kind":"TEAM","team_id":"00000000-0000-0000-0001-000000000036"}','00000000-0000-0000-0002-000000000001','2026-06-23T21:00:00-04:00','SCHEDULED'),
('00000000-0000-0000-0020-000000000030','00000000-0000-0000-0000-000000000001','00000000-0000-0000-0010-000000000005','GROUP',30,'{"kind":"TEAM","team_id":"00000000-0000-0000-0001-000000000021"}','{"kind":"TEAM","team_id":"00000000-0000-0000-0001-000000000010"}','00000000-0000-0000-0002-000000000007','2026-06-23T21:00:00-04:00','SCHEDULED');

-- ── GRUPO F ───────────────────────────────────────────────────────────────────
INSERT INTO matches (id, tournament_id, group_id, phase, match_number, home_slot, away_slot, venue_id, scheduled_at, status) VALUES
('00000000-0000-0000-0020-000000000031','00000000-0000-0000-0000-000000000001','00000000-0000-0000-0010-000000000006','GROUP',31,'{"kind":"TEAM","team_id":"00000000-0000-0000-0001-000000000005"}','{"kind":"TEAM","team_id":"00000000-0000-0000-0001-000000000038"}','00000000-0000-0000-0002-000000000003','2026-06-14T21:00:00-07:00','SCHEDULED'),
('00000000-0000-0000-0020-000000000032','00000000-0000-0000-0000-000000000001','00000000-0000-0000-0010-000000000006','GROUP',32,'{"kind":"TEAM","team_id":"00000000-0000-0000-0001-000000000007"}','{"kind":"TEAM","team_id":"00000000-0000-0000-0001-000000000032"}','00000000-0000-0000-0002-000000000002','2026-06-15T20:00:00-05:00','SCHEDULED'),
('00000000-0000-0000-0020-000000000033','00000000-0000-0000-0000-000000000001','00000000-0000-0000-0010-000000000006','GROUP',33,'{"kind":"TEAM","team_id":"00000000-0000-0000-0001-000000000005"}','{"kind":"TEAM","team_id":"00000000-0000-0000-0001-000000000007"}','00000000-0000-0000-0002-000000000004','2026-06-19T21:00:00-07:00','SCHEDULED'),
('00000000-0000-0000-0020-000000000034','00000000-0000-0000-0000-000000000001','00000000-0000-0000-0010-000000000006','GROUP',34,'{"kind":"TEAM","team_id":"00000000-0000-0000-0001-000000000038"}','{"kind":"TEAM","team_id":"00000000-0000-0000-0001-000000000032"}','00000000-0000-0000-0002-000000000011','2026-06-19T21:00:00-07:00','SCHEDULED'),
('00000000-0000-0000-0020-000000000035','00000000-0000-0000-0000-000000000001','00000000-0000-0000-0010-000000000006','GROUP',35,'{"kind":"TEAM","team_id":"00000000-0000-0000-0001-000000000005"}','{"kind":"TEAM","team_id":"00000000-0000-0000-0001-000000000032"}','00000000-0000-0000-0002-000000000003','2026-06-23T20:00:00-07:00','SCHEDULED'),
('00000000-0000-0000-0020-000000000036','00000000-0000-0000-0000-000000000001','00000000-0000-0000-0010-000000000006','GROUP',36,'{"kind":"TEAM","team_id":"00000000-0000-0000-0001-000000000038"}','{"kind":"TEAM","team_id":"00000000-0000-0000-0001-000000000007"}','00000000-0000-0000-0002-000000000004','2026-06-23T20:00:00-07:00','SCHEDULED');

-- ── GRUPO G ───────────────────────────────────────────────────────────────────
INSERT INTO matches (id, tournament_id, group_id, phase, match_number, home_slot, away_slot, venue_id, scheduled_at, status) VALUES
('00000000-0000-0000-0020-000000000037','00000000-0000-0000-0000-000000000001','00000000-0000-0000-0010-000000000007','GROUP',37,'{"kind":"TEAM","team_id":"00000000-0000-0000-0001-000000000004"}','{"kind":"TEAM","team_id":"00000000-0000-0000-0001-000000000022"}','00000000-0000-0000-0002-000000000016','2026-06-15T21:00:00-06:00','SCHEDULED'),
('00000000-0000-0000-0020-000000000038','00000000-0000-0000-0000-000000000001','00000000-0000-0000-0010-000000000007','GROUP',38,'{"kind":"TEAM","team_id":"00000000-0000-0000-0001-000000000012"}','{"kind":"TEAM","team_id":"00000000-0000-0000-0001-000000000033"}','00000000-0000-0000-0002-000000000014','2026-06-15T18:00:00-06:00','SCHEDULED'),
('00000000-0000-0000-0020-000000000039','00000000-0000-0000-0000-000000000001','00000000-0000-0000-0010-000000000007','GROUP',39,'{"kind":"TEAM","team_id":"00000000-0000-0000-0001-000000000004"}','{"kind":"TEAM","team_id":"00000000-0000-0000-0001-000000000012"}','00000000-0000-0000-0002-000000000010','2026-06-20T20:00:00-06:00','SCHEDULED'),
('00000000-0000-0000-0020-000000000040','00000000-0000-0000-0000-000000000001','00000000-0000-0000-0010-000000000007','GROUP',40,'{"kind":"TEAM","team_id":"00000000-0000-0000-0001-000000000022"}','{"kind":"TEAM","team_id":"00000000-0000-0000-0001-000000000033"}','00000000-0000-0000-0002-000000000015','2026-06-20T17:00:00-06:00','SCHEDULED'),
('00000000-0000-0000-0020-000000000041','00000000-0000-0000-0000-000000000001','00000000-0000-0000-0010-000000000007','GROUP',41,'{"kind":"TEAM","team_id":"00000000-0000-0000-0001-000000000004"}','{"kind":"TEAM","team_id":"00000000-0000-0000-0001-000000000033"}','00000000-0000-0000-0002-000000000016','2026-06-24T21:00:00-06:00','SCHEDULED'),
('00000000-0000-0000-0020-000000000042','00000000-0000-0000-0000-000000000001','00000000-0000-0000-0010-000000000007','GROUP',42,'{"kind":"TEAM","team_id":"00000000-0000-0000-0001-000000000022"}','{"kind":"TEAM","team_id":"00000000-0000-0000-0001-000000000012"}','00000000-0000-0000-0002-000000000014','2026-06-24T21:00:00-06:00','SCHEDULED');

-- ── GRUPO H ───────────────────────────────────────────────────────────────────
INSERT INTO matches (id, tournament_id, group_id, phase, match_number, home_slot, away_slot, venue_id, scheduled_at, status) VALUES
('00000000-0000-0000-0020-000000000043','00000000-0000-0000-0000-000000000001','00000000-0000-0000-0010-000000000008','GROUP',43,'{"kind":"TEAM","team_id":"00000000-0000-0000-0001-000000000023"}','{"kind":"TEAM","team_id":"00000000-0000-0000-0001-000000000040"}','00000000-0000-0000-0002-000000000014','2026-06-16T21:00:00-06:00','SCHEDULED'),
('00000000-0000-0000-0020-000000000044','00000000-0000-0000-0000-000000000001','00000000-0000-0000-0010-000000000008','GROUP',44,'{"kind":"TEAM","team_id":"00000000-0000-0000-0001-000000000014"}','{"kind":"TEAM","team_id":"00000000-0000-0000-0001-000000000034"}','00000000-0000-0000-0002-000000000005','2026-06-16T18:00:00-05:00','SCHEDULED'),
('00000000-0000-0000-0020-000000000045','00000000-0000-0000-0000-000000000001','00000000-0000-0000-0010-000000000008','GROUP',45,'{"kind":"TEAM","team_id":"00000000-0000-0000-0001-000000000023"}','{"kind":"TEAM","team_id":"00000000-0000-0000-0001-000000000014"}','00000000-0000-0000-0002-000000000015','2026-06-21T21:00:00-06:00','SCHEDULED'),
('00000000-0000-0000-0020-000000000046','00000000-0000-0000-0000-000000000001','00000000-0000-0000-0010-000000000008','GROUP',46,'{"kind":"TEAM","team_id":"00000000-0000-0000-0001-000000000040"}','{"kind":"TEAM","team_id":"00000000-0000-0000-0001-000000000034"}','00000000-0000-0000-0002-000000000016','2026-06-21T18:00:00-06:00','SCHEDULED'),
('00000000-0000-0000-0020-000000000047','00000000-0000-0000-0000-000000000001','00000000-0000-0000-0010-000000000008','GROUP',47,'{"kind":"TEAM","team_id":"00000000-0000-0000-0001-000000000023"}','{"kind":"TEAM","team_id":"00000000-0000-0000-0001-000000000034"}','00000000-0000-0000-0002-000000000014','2026-06-25T21:00:00-06:00','SCHEDULED'),
('00000000-0000-0000-0020-000000000048','00000000-0000-0000-0000-000000000001','00000000-0000-0000-0010-000000000008','GROUP',48,'{"kind":"TEAM","team_id":"00000000-0000-0000-0001-000000000040"}','{"kind":"TEAM","team_id":"00000000-0000-0000-0001-000000000014"}','00000000-0000-0000-0002-000000000015','2026-06-25T21:00:00-06:00','SCHEDULED');

-- ── GRUPO I ───────────────────────────────────────────────────────────────────
INSERT INTO matches (id, tournament_id, group_id, phase, match_number, home_slot, away_slot, venue_id, scheduled_at, status) VALUES
('00000000-0000-0000-0020-000000000049','00000000-0000-0000-0000-000000000001','00000000-0000-0000-0010-000000000009','GROUP',49,'{"kind":"TEAM","team_id":"00000000-0000-0000-0001-000000000024"}','{"kind":"TEAM","team_id":"00000000-0000-0000-0001-000000000042"}','00000000-0000-0000-0002-000000000001','2026-06-17T20:00:00-04:00','SCHEDULED'),
('00000000-0000-0000-0020-000000000050','00000000-0000-0000-0000-000000000001','00000000-0000-0000-0010-000000000009','GROUP',50,'{"kind":"TEAM","team_id":"00000000-0000-0000-0001-000000000006"}','{"kind":"TEAM","team_id":"00000000-0000-0000-0001-000000000035"}','00000000-0000-0000-0002-000000000007','2026-06-17T17:00:00-04:00','SCHEDULED'),
('00000000-0000-0000-0020-000000000051','00000000-0000-0000-0000-000000000001','00000000-0000-0000-0010-000000000009','GROUP',51,'{"kind":"TEAM","team_id":"00000000-0000-0000-0001-000000000024"}','{"kind":"TEAM","team_id":"00000000-0000-0000-0001-000000000006"}','00000000-0000-0000-0002-000000000009','2026-06-22T20:00:00-04:00','SCHEDULED'),
('00000000-0000-0000-0020-000000000052','00000000-0000-0000-0000-000000000001','00000000-0000-0000-0010-000000000009','GROUP',52,'{"kind":"TEAM","team_id":"00000000-0000-0000-0001-000000000042"}','{"kind":"TEAM","team_id":"00000000-0000-0000-0001-000000000035"}','00000000-0000-0000-0002-000000000008','2026-06-22T17:00:00-04:00','SCHEDULED'),
('00000000-0000-0000-0020-000000000053','00000000-0000-0000-0000-000000000001','00000000-0000-0000-0010-000000000009','GROUP',53,'{"kind":"TEAM","team_id":"00000000-0000-0000-0001-000000000024"}','{"kind":"TEAM","team_id":"00000000-0000-0000-0001-000000000035"}','00000000-0000-0000-0002-000000000001','2026-06-26T20:00:00-04:00','SCHEDULED'),
('00000000-0000-0000-0020-000000000054','00000000-0000-0000-0000-000000000001','00000000-0000-0000-0010-000000000009','GROUP',54,'{"kind":"TEAM","team_id":"00000000-0000-0000-0001-000000000042"}','{"kind":"TEAM","team_id":"00000000-0000-0000-0001-000000000006"}','00000000-0000-0000-0002-000000000007','2026-06-26T20:00:00-04:00','SCHEDULED');

-- ── GRUPO J ───────────────────────────────────────────────────────────────────
INSERT INTO matches (id, tournament_id, group_id, phase, match_number, home_slot, away_slot, venue_id, scheduled_at, status) VALUES
('00000000-0000-0000-0020-000000000055','00000000-0000-0000-0000-000000000001','00000000-0000-0000-0010-000000000010','GROUP',55,'{"kind":"TEAM","team_id":"00000000-0000-0000-0001-000000000025"}','{"kind":"TEAM","team_id":"00000000-0000-0000-0001-000000000043"}','00000000-0000-0000-0002-000000000013','2026-06-17T21:00:00-04:00','SCHEDULED'),
('00000000-0000-0000-0020-000000000056','00000000-0000-0000-0000-000000000001','00000000-0000-0000-0010-000000000010','GROUP',56,'{"kind":"TEAM","team_id":"00000000-0000-0000-0001-000000000008"}','{"kind":"TEAM","team_id":"00000000-0000-0000-0001-000000000031"}','00000000-0000-0000-0002-000000000001','2026-06-18T17:00:00-04:00','SCHEDULED'),
('00000000-0000-0000-0020-000000000057','00000000-0000-0000-0000-000000000001','00000000-0000-0000-0010-000000000010','GROUP',57,'{"kind":"TEAM","team_id":"00000000-0000-0000-0001-000000000025"}','{"kind":"TEAM","team_id":"00000000-0000-0000-0001-000000000008"}','00000000-0000-0000-0002-000000000013','2026-06-22T21:00:00-04:00','SCHEDULED'),
('00000000-0000-0000-0020-000000000058','00000000-0000-0000-0000-000000000001','00000000-0000-0000-0010-000000000010','GROUP',58,'{"kind":"TEAM","team_id":"00000000-0000-0000-0001-000000000043"}','{"kind":"TEAM","team_id":"00000000-0000-0000-0001-000000000031"}','00000000-0000-0000-0002-000000000007','2026-06-23T17:00:00-04:00','SCHEDULED'),
('00000000-0000-0000-0020-000000000059','00000000-0000-0000-0000-000000000001','00000000-0000-0000-0010-000000000010','GROUP',59,'{"kind":"TEAM","team_id":"00000000-0000-0000-0001-000000000025"}','{"kind":"TEAM","team_id":"00000000-0000-0000-0001-000000000031"}','00000000-0000-0000-0002-000000000013','2026-06-26T20:00:00-04:00','SCHEDULED'),
('00000000-0000-0000-0020-000000000060','00000000-0000-0000-0000-000000000001','00000000-0000-0000-0010-000000000010','GROUP',60,'{"kind":"TEAM","team_id":"00000000-0000-0000-0001-000000000043"}','{"kind":"TEAM","team_id":"00000000-0000-0000-0001-000000000008"}','00000000-0000-0000-0002-000000000001','2026-06-26T20:00:00-04:00','SCHEDULED');

-- ── GRUPO K ───────────────────────────────────────────────────────────────────
INSERT INTO matches (id, tournament_id, group_id, phase, match_number, home_slot, away_slot, venue_id, scheduled_at, status) VALUES
('00000000-0000-0000-0020-000000000061','00000000-0000-0000-0000-000000000001','00000000-0000-0000-0010-000000000011','GROUP',61,'{"kind":"TEAM","team_id":"00000000-0000-0000-0001-000000000026"}','{"kind":"TEAM","team_id":"00000000-0000-0000-0001-000000000044"}','00000000-0000-0000-0002-000000000011','2026-06-18T21:00:00-07:00','SCHEDULED'),
('00000000-0000-0000-0020-000000000062','00000000-0000-0000-0000-000000000001','00000000-0000-0000-0010-000000000011','GROUP',62,'{"kind":"TEAM","team_id":"00000000-0000-0000-0001-000000000046"}','{"kind":"TEAM","team_id":"00000000-0000-0000-0001-000000000027"}','00000000-0000-0000-0002-000000000012','2026-06-18T18:00:00-07:00','SCHEDULED'),
('00000000-0000-0000-0020-000000000063','00000000-0000-0000-0000-000000000001','00000000-0000-0000-0010-000000000011','GROUP',63,'{"kind":"TEAM","team_id":"00000000-0000-0000-0001-000000000026"}','{"kind":"TEAM","team_id":"00000000-0000-0000-0001-000000000046"}','00000000-0000-0000-0002-000000000011','2026-06-23T20:00:00-07:00','SCHEDULED'),
('00000000-0000-0000-0020-000000000064','00000000-0000-0000-0000-000000000001','00000000-0000-0000-0010-000000000011','GROUP',64,'{"kind":"TEAM","team_id":"00000000-0000-0000-0001-000000000044"}','{"kind":"TEAM","team_id":"00000000-0000-0000-0001-000000000027"}','00000000-0000-0000-0002-000000000012','2026-06-23T17:00:00-07:00','SCHEDULED'),
('00000000-0000-0000-0020-000000000065','00000000-0000-0000-0000-000000000001','00000000-0000-0000-0010-000000000011','GROUP',65,'{"kind":"TEAM","team_id":"00000000-0000-0000-0001-000000000026"}','{"kind":"TEAM","team_id":"00000000-0000-0000-0001-000000000027"}','00000000-0000-0000-0002-000000000011','2026-06-27T21:00:00-07:00','SCHEDULED'),
('00000000-0000-0000-0020-000000000066','00000000-0000-0000-0000-000000000001','00000000-0000-0000-0010-000000000011','GROUP',66,'{"kind":"TEAM","team_id":"00000000-0000-0000-0001-000000000044"}','{"kind":"TEAM","team_id":"00000000-0000-0000-0001-000000000046"}','00000000-0000-0000-0002-000000000012','2026-06-27T21:00:00-07:00','SCHEDULED');

-- ── GRUPO L ───────────────────────────────────────────────────────────────────
INSERT INTO matches (id, tournament_id, group_id, phase, match_number, home_slot, away_slot, venue_id, scheduled_at, status) VALUES
('00000000-0000-0000-0020-000000000067','00000000-0000-0000-0000-000000000001','00000000-0000-0000-0010-000000000012','GROUP',67,'{"kind":"TEAM","team_id":"00000000-0000-0000-0001-000000000028"}','{"kind":"TEAM","team_id":"00000000-0000-0000-0001-000000000045"}','00000000-0000-0000-0002-000000000006','2026-06-19T20:00:00-05:00','SCHEDULED'),
('00000000-0000-0000-0020-000000000068','00000000-0000-0000-0000-000000000001','00000000-0000-0000-0010-000000000012','GROUP',68,'{"kind":"TEAM","team_id":"00000000-0000-0000-0001-000000000047"}','{"kind":"TEAM","team_id":"00000000-0000-0000-0001-000000000048"}','00000000-0000-0000-0002-000000000005','2026-06-19T17:00:00-05:00','SCHEDULED'),
('00000000-0000-0000-0020-000000000069','00000000-0000-0000-0000-000000000001','00000000-0000-0000-0010-000000000012','GROUP',69,'{"kind":"TEAM","team_id":"00000000-0000-0000-0001-000000000028"}','{"kind":"TEAM","team_id":"00000000-0000-0000-0001-000000000047"}','00000000-0000-0000-0002-000000000006','2026-06-24T20:00:00-05:00','SCHEDULED'),
('00000000-0000-0000-0020-000000000070','00000000-0000-0000-0000-000000000001','00000000-0000-0000-0010-000000000012','GROUP',70,'{"kind":"TEAM","team_id":"00000000-0000-0000-0001-000000000045"}','{"kind":"TEAM","team_id":"00000000-0000-0000-0001-000000000048"}','00000000-0000-0000-0002-000000000002','2026-06-24T17:00:00-05:00','SCHEDULED'),
('00000000-0000-0000-0020-000000000071','00000000-0000-0000-0000-000000000001','00000000-0000-0000-0010-000000000012','GROUP',71,'{"kind":"TEAM","team_id":"00000000-0000-0000-0001-000000000028"}','{"kind":"TEAM","team_id":"00000000-0000-0000-0001-000000000048"}','00000000-0000-0000-0002-000000000006','2026-06-27T20:00:00-05:00','SCHEDULED'),
('00000000-0000-0000-0020-000000000072','00000000-0000-0000-0000-000000000001','00000000-0000-0000-0010-000000000012','GROUP',72,'{"kind":"TEAM","team_id":"00000000-0000-0000-0001-000000000045"}','{"kind":"TEAM","team_id":"00000000-0000-0000-0001-000000000047"}','00000000-0000-0000-0002-000000000005','2026-06-27T20:00:00-05:00','SCHEDULED');

-- =============================================================================
-- 6. VERIFICACIÓN
-- =============================================================================
DO $$
DECLARE
    total_matches  INT;
    total_groups   INT;
    total_teams    INT;
    total_standings INT;
BEGIN
    SELECT COUNT(*) INTO total_matches   FROM matches  WHERE phase = 'GROUP';
    SELECT COUNT(*) INTO total_groups    FROM groups;
    SELECT COUNT(*) INTO total_teams     FROM group_teams;
    SELECT COUNT(*) INTO total_standings FROM group_standings;

    RAISE NOTICE '=== Verificación seed_fixture ===';
    RAISE NOTICE 'Grupos             : %  (esperado: 12)',  total_groups;
    RAISE NOTICE 'Equipos en grupos  : %  (esperado: 48)',  total_teams;
    RAISE NOTICE 'Partidos de grupo  : %  (esperado: 72)',  total_matches;
    RAISE NOTICE 'Standings iniciales: %  (esperado: 48)',  total_standings;

    IF total_groups    != 12 THEN RAISE EXCEPTION 'Error: grupos = %',    total_groups;    END IF;
    IF total_teams     != 48 THEN RAISE EXCEPTION 'Error: equipos = %',   total_teams;     END IF;
    IF total_matches   != 72 THEN RAISE EXCEPTION 'Error: partidos = %',  total_matches;   END IF;
    IF total_standings != 48 THEN RAISE EXCEPTION 'Error: standings = %', total_standings; END IF;

    RAISE NOTICE '✅ seed_fixture completado correctamente.';
END $$;
